﻿Service,PINs,Ticket,Subscriber Minutes,Subscriber Minutes with Product Weighting,Global Minutes per Subscriber (GMpS),SES-BES10 Cloud Resource,SES-BES12 Resource,SES-BlackBerry Internet Service Email Resource,SES-ELM Resource,SES-Enterprise and Hosted Resource,SES-NTW Resource,SES-Provisioning Resource,SES-Relay Resource,SES-SDAAA Resource
Combined Services,2014-11: 1017342,CRQ-15647,11190762.0,1230983.82,1.21,0.0,0.0,0.0,0.0,1.21,0.0,0.0,0.0,0.0
Combined Services,2014-11: 1017342,INC-14287,286127437.5,65809310.625,64.6875,0.0,0.0,0.0,0.0,0.0,0.0,0.0,0.0,0.0
Combined Services,2014-11: 1017342,INC-15786,12208104.0,732486.24,0.72,0.0,0.0,0.0,0.72,0.0,0.0,0.0,0.0,0.0
Combined Services,2014-11: 1017342,INC-16084,328601466.0,75578337.18,74.29,0.0,0.0,0.0,0.0,0.0,0.0,0.0,0.0,0.0
Combined Services,2014-11: 1017342,INC-17945,1496170522.8,89770231.368,88.2399737433,0.0,0.0,0.0,88.2399737433,0.0,0.0,0.0,0.0,0.0
