﻿Service,Subservice,Region,Availability
Combined Services,BBM Ads,AP,96.88
Combined Services,BBM Ads,EMEA,97.184
Combined Services,BBM Ads,Global,97.018
Combined Services,BBM Ads,NA,97.179
Combined Services,BBM Channels,AP,96.8
Combined Services,BBM Channels,EMEA,97.184
Combined Services,BBM Channels,Global,96.974
Combined Services,BBM Channels,NA,97.178
Combined Services,BBM Shop,AP,96.879
Combined Services,BBM Shop,EMEA,97.184
Combined Services,BBM Shop,Global,97.017
Combined Services,BBM Shop,NA,97.179
Combined Services,BBM Voice & Video,AP,97.224
Combined Services,BBM Voice & Video,EMEA,97.528
Combined Services,BBM Voice & Video,Global,97.362
Combined Services,BBM Voice & Video,NA,97.522
Combined Services,Contact Management,AP,96.88
Combined Services,Contact Management,EMEA,97.184
Combined Services,Contact Management,Global,97.018
Combined Services,Contact Management,NA,97.179
Combined Services,Display Picture (Avatars),AP,97.144
Combined Services,Display Picture (Avatars),EMEA,97.528
Combined Services,Display Picture (Avatars),Global,97.318
Combined Services,Display Picture (Avatars),NA,97.522
Combined Services,File Transfers,AP,97.224
Combined Services,File Transfers,EMEA,97.528
Combined Services,File Transfers,Global,97.362
Combined Services,File Transfers,NA,97.522
Combined Services,Messaging,AP,97.224
Combined Services,Messaging,EMEA,97.528
Combined Services,Messaging,Global,97.362
Combined Services,Messaging,NA,97.522
Combined Services,Pictures (Group Chat),AP,97.199
Combined Services,Pictures (Group Chat),EMEA,97.528
Combined Services,Pictures (Group Chat),Global,97.348
Combined Services,Pictures (Group Chat),NA,97.522
Combined Services,Registration,AP,96.88
Combined Services,Registration,EMEA,97.184
Combined Services,Registration,Global,97.018
Combined Services,Registration,NA,97.179
Combined Services,User Status Updates,AP,97.224
Combined Services,User Status Updates,EMEA,97.528
Combined Services,User Status Updates,Global,97.362
Combined Services,User Status Updates,NA,97.522
