{"Combined Total Global Minutes per Subscriber": {"Combined Services": {"2014:11": {"tickets": {"INC-15786": {"SES_BISE": 0, "SES_SDAAA": 0, "SES_BESNG": 0, "SES_RLY": 0, "SES_BES12": 0, "subscriber-minutes": 12208104.0, "SES_HOSTED": 0, "subscriber-minutes-with-ratio": 732486.23999999999, "SES_PRV": 0, "SES_NTW": 0, "SES_ELM": 732486.23999999999}, "INC-14287": {"SES_BISE": 0, "SES_SDAAA": 0, "SES_BESNG": 0, "SES_RLY": 0, "SES_BES12": 0, "subscriber-minutes": 286127437.5, "SES_HOSTED": 0, "subscriber-minutes-with-ratio": 65809310.625, "SES_PRV": 0, "SES_NTW": 0, "SES_ELM": 0}, "INC-16084": {"SES_BISE": 0, "SES_SDAAA": 0, "SES_BESNG": 0, "SES_RLY": 0, "SES_BES12": 0, "subscriber-minutes": 328601466.0, "SES_HOSTED": 0, "subscriber-minutes-with-ratio": 75578337.180000007, "SES_PRV": 0, "SES_NTW": 0, "SES_ELM": 0}, "CRQ-15647": {"SES_BISE": 0, "SES_SDAAA": 0, "SES_BESNG": 0, "SES_RLY": 0, "SES_BES12": 0, "subscriber-minutes": 11190762.0, "SES_HOSTED": 1230983.8199999998, "subscriber-minutes-with-ratio": 1230983.8199999998, "SES_PRV": 0, "SES_NTW": 0, "SES_ELM": 0}}, "pins": 1017342}}}}