﻿Service,Subservice,Region,Availability
Combined Services,Automated Email Configuration,AP,100
Combined Services,Automated Email Configuration,EMEA,100
Combined Services,Automated Email Configuration,Global,100
Combined Services,Automated Email Configuration,NA,100
Combined Services,BBM Meetings,AP,98.601
Combined Services,BBM Meetings,EMEA,98.601
Combined Services,BBM Meetings,Global,98.601
Combined Services,BBM Meetings,NA,98.601
Combined Services,"Connectivity (Email, PIM, Browsing)",AP,99.961
Combined Services,"Connectivity (Email, PIM, Browsing)",EMEA,100
Combined Services,"Connectivity (Email, PIM, Browsing)",Global,99.998
Combined Services,"Connectivity (Email, PIM, Browsing)",NA,100
Combined Services,Device Activation,AP,98.562
Combined Services,Device Activation,EMEA,98.601
Combined Services,Device Activation,Global,98.6
Combined Services,Device Activation,NA,98.601
Combined Services,Device Management,AP,98.562
Combined Services,Device Management,EMEA,98.601
Combined Services,Device Management,Global,98.6
Combined Services,Device Management,NA,98.601
Combined Services,Enterprise BlackBerry ID,AP,98.601
Combined Services,Enterprise BlackBerry ID,EMEA,98.601
Combined Services,Enterprise BlackBerry ID,Global,98.601
Combined Services,Enterprise BlackBerry ID,NA,98.601
Combined Services,New Tenant Provisioning,AP,98.534
Combined Services,New Tenant Provisioning,EMEA,98.573
Combined Services,New Tenant Provisioning,Global,98.572
Combined Services,New Tenant Provisioning,NA,98.573
Combined Services,"Purchasing (BES SW, CAL, T-Support)",AP,99.972
Combined Services,"Purchasing (BES SW, CAL, T-Support)",EMEA,99.972
Combined Services,"Purchasing (BES SW, CAL, T-Support)",Global,99.972
Combined Services,"Purchasing (BES SW, CAL, T-Support)",NA,99.972
