﻿Service,Subservice,Region,Availability
Combined Services,BBM Ads,AP,96.869
Combined Services,BBM Ads,EMEA,96.857
Combined Services,BBM Ads,Global,96.862
Combined Services,BBM Ads,NA,96.851
Combined Services,BBM Channels,AP,96.825
Combined Services,BBM Channels,EMEA,96.857
Combined Services,BBM Channels,Global,96.836
Combined Services,BBM Channels,NA,96.836
Combined Services,BBM Shop,AP,96.859
Combined Services,BBM Shop,EMEA,96.854
Combined Services,BBM Shop,Global,96.856
Combined Services,BBM Shop,NA,96.851
Combined Services,BBM Voice & Video,AP,97.213
Combined Services,BBM Voice & Video,EMEA,97.201
Combined Services,BBM Voice & Video,Global,97.206
Combined Services,BBM Voice & Video,NA,97.195
Combined Services,Contact Management,AP,96.774
Combined Services,Contact Management,EMEA,96.762
Combined Services,Contact Management,Global,96.767
Combined Services,Contact Management,NA,96.756
Combined Services,Display Picture (Avatars),AP,97.074
Combined Services,Display Picture (Avatars),EMEA,97.106
Combined Services,Display Picture (Avatars),Global,97.085
Combined Services,Display Picture (Avatars),NA,97.085
Combined Services,File Transfers,AP,97.213
Combined Services,File Transfers,EMEA,97.201
Combined Services,File Transfers,Global,97.206
Combined Services,File Transfers,NA,97.195
Combined Services,Messaging,AP,97.213
Combined Services,Messaging,EMEA,97.201
Combined Services,Messaging,Global,97.206
Combined Services,Messaging,NA,97.195
Combined Services,Pictures (Group Chat),AP,97.188
Combined Services,Pictures (Group Chat),EMEA,97.201
Combined Services,Pictures (Group Chat),Global,97.19
Combined Services,Pictures (Group Chat),NA,97.18
Combined Services,Registration,AP,96.774
Combined Services,Registration,EMEA,96.762
Combined Services,Registration,Global,96.767
Combined Services,Registration,NA,96.756
Combined Services,User Status Updates,AP,97.118
Combined Services,User Status Updates,EMEA,97.106
Combined Services,User Status Updates,Global,97.111
Combined Services,User Status Updates,NA,97.1
