{"Combined Total Global Minutes per Subscriber": {"Combined Services": {"2014:11": {"tickets": {"CRQ-17083": {"SES_INTERSECT": 0, "SES_BISE": 0, "SES_TRAFFIC": 0, "SES_BPDS": 0, "SES_RLY": 0, "SES_UCI": 0, "SES_TSM": 0, "SES_BBID": 0, "SES_BBW": 0, "SES_GUARDIAN": 0, "subscriber-minutes": 3489084.2249999987, "SES_SLS": 0, "SES_HOSTED": 0, "subscriber-minutes-with-ratio": 1011834.4252500002, "SES_PRV": 0, "SES_OLYMPIA": 1011834.4252500002, "SES_NTW": 0}, "INC-13564": {"SES_INTERSECT": 0, "SES_BISE": 0, "SES_TRAFFIC": 0, "SES_BPDS": 0, "SES_RLY": 0, "SES_UCI": 0, "SES_TSM": 0, "SES_BBID": 0, "SES_BBW": 0, "SES_GUARDIAN": 0, "subscriber-minutes": 418119.408, "SES_SLS": 0, "SES_HOSTED": 0, "subscriber-minutes-with-ratio": 121254.62832000003, "SES_PRV": 0, "SES_OLYMPIA": 121254.62832000003, "SES_NTW": 0}, "CRQ-13764": {"SES_INTERSECT": 0, "SES_BISE": 0, "SES_TRAFFIC": 0, "SES_BPDS": 0, "SES_RLY": 0, "SES_UCI": 0, "SES_TSM": 0, "SES_BBID": 0, "SES_BBW": 0, "SES_GUARDIAN": 0, "subscriber-minutes": 701356.59215999965, "SES_SLS": 0, "SES_HOSTED": 0, "subscriber-minutes-with-ratio": 203393.41172639994, "SES_PRV": 0, "SES_OLYMPIA": 203393.41172639994, "SES_NTW": 0}, "INC-14456": {"SES_INTERSECT": 0, "SES_BISE": 0, "SES_TRAFFIC": 0, "SES_BPDS": 0, "SES_RLY": 206618.03999999989, "SES_UCI": 0, "SES_TSM": 0, "SES_BBID": 0, "SES_BBW": 0, "SES_GUARDIAN": 0, "subscriber-minutes": 2066180.4000000001, "SES_SLS": 0, "SES_HOSTED": 0, "subscriber-minutes-with-ratio": 206618.03999999989, "SES_PRV": 0, "SES_OLYMPIA": 0, "SES_NTW": 0}, "INC-13086": {"SES_INTERSECT": 0, "SES_BISE": 0, "SES_TRAFFIC": 0, "SES_BPDS": 0, "SES_RLY": 0, "SES_UCI": 0, "SES_TSM": 0, "SES_BBID": 0, "SES_BBW": 280496.45249999996, "SES_GUARDIAN": 0, "subscriber-minutes": 1869976.3500000003, "SES_SLS": 0, "SES_HOSTED": 0, "subscriber-minutes-with-ratio": 280496.45249999996, "SES_PRV": 0, "SES_OLYMPIA": 0, "SES_NTW": 0}, "CRQ-13780": {"SES_INTERSECT": 0, "SES_BISE": 0, "SES_TRAFFIC": 0, "SES_BPDS": 0, "SES_RLY": 0, "SES_UCI": 0, "SES_TSM": 0, "SES_BBID": 0, "SES_BBW": 0, "SES_GUARDIAN": 0, "subscriber-minutes": 1402713.1843199993, "SES_SLS": 0, "SES_HOSTED": 0, "subscriber-minutes-with-ratio": 406786.82345279987, "SES_PRV": 0, "SES_OLYMPIA": 406786.82345279987, "SES_NTW": 0}, "INC-14993": {"SES_INTERSECT": 0, "SES_BISE": 0, "SES_TRAFFIC": 0, "SES_BPDS": 0, "SES_RLY": 0, "SES_UCI": 0, "SES_TSM": 0, "SES_BBID": 0, "SES_BBW": 0, "SES_GUARDIAN": 0, "subscriber-minutes": 6315967.3499999987, "SES_SLS": 0, "SES_HOSTED": 0, "subscriber-minutes-with-ratio": 1831630.5314999996, "SES_PRV": 0, "SES_OLYMPIA": 1831630.5314999996, "SES_NTW": 0}, "CRQ-14628": {"SES_INTERSECT": 0, "SES_BISE": 0, "SES_TRAFFIC": 0, "SES_BPDS": 0, "SES_RLY": 0, "SES_UCI": 0, "SES_TSM": 0, "SES_BBID": 0, "SES_BBW": 0, "SES_GUARDIAN": 0, "subscriber-minutes": 3333297.7125000004, "SES_SLS": 0, "SES_HOSTED": 0, "subscriber-minutes-with-ratio": 966656.3366249993, "SES_PRV": 0, "SES_OLYMPIA": 966656.3366249993, "SES_NTW": 0}, "INC-13127": {"SES_INTERSECT": 0, "SES_BISE": 0, "SES_TRAFFIC": 0, "SES_BPDS": 0, "SES_RLY": 25633096.800000004, "SES_UCI": 0, "SES_TSM": 0, "SES_BBID": 0, "SES_BBW": 0, "SES_GUARDIAN": 0, "subscriber-minutes": 128165484.0, "SES_SLS": 0, "SES_HOSTED": 0, "subscriber-minutes-with-ratio": 25633096.800000004, "SES_PRV": 0, "SES_OLYMPIA": 0, "SES_NTW": 0}, "CRQ-17091": {"SES_INTERSECT": 0, "SES_BISE": 0, "SES_TRAFFIC": 0, "SES_BPDS": 0, "SES_RLY": 0, "SES_UCI": 0, "SES_TSM": 0, "SES_BBID": 0, "SES_BBW": 0, "SES_GUARDIAN": 0, "subscriber-minutes": 3489084.2249999987, "SES_SLS": 0, "SES_HOSTED": 0, "subscriber-minutes-with-ratio": 1011834.4252500002, "SES_PRV": 0, "SES_OLYMPIA": 1011834.4252500002, "SES_NTW": 0}, "CRQ-17569": {"SES_INTERSECT": 0, "SES_BISE": 0, "SES_TRAFFIC": 0, "SES_BPDS": 0, "SES_RLY": 0, "SES_UCI": 0, "SES_TSM": 0, "SES_BBID": 0, "SES_BBW": 0, "SES_GUARDIAN": 0, "subscriber-minutes": 8839888.1999999918, "SES_SLS": 0, "SES_HOSTED": 0, "subscriber-minutes-with-ratio": 353595.52799999993, "SES_PRV": 0, "SES_OLYMPIA": 0, "SES_NTW": 0}, "CRQ-13772": {"SES_INTERSECT": 0, "SES_BISE": 0, "SES_TRAFFIC": 0, "SES_BPDS": 0, "SES_RLY": 0, "SES_UCI": 0, "SES_TSM": 0, "SES_BBID": 0, "SES_BBW": 0, "SES_GUARDIAN": 0, "subscriber-minutes": 1402713.1843199993, "SES_SLS": 0, "SES_HOSTED": 0, "subscriber-minutes-with-ratio": 406786.82345279987, "SES_PRV": 0, "SES_OLYMPIA": 406786.82345279987, "SES_NTW": 0}, "INC-13495": {"SES_INTERSECT": 0, "SES_BISE": 0, "SES_TRAFFIC": 0, "SES_BPDS": 0, "SES_RLY": 0, "SES_UCI": 0, "SES_TSM": 0, "SES_BBID": 0, "SES_BBW": 0, "SES_GUARDIAN": 0, "subscriber-minutes": 376307.46720000001, "SES_SLS": 0, "SES_HOSTED": 0, "subscriber-minutes-with-ratio": 109129.16548799998, "SES_PRV": 0, "SES_OLYMPIA": 109129.16548799998, "SES_NTW": 0}, "INC-13538": {"SES_INTERSECT": 0, "SES_BISE": 0, "SES_TRAFFIC": 0, "SES_BPDS": 0, "SES_RLY": 0, "SES_UCI": 0, "SES_TSM": 0, "SES_BBID": 0, "SES_BBW": 0, "SES_GUARDIAN": 0, "subscriber-minutes": 11592167.013, "SES_SLS": 0, "SES_HOSTED": 0, "subscriber-minutes-with-ratio": 3361728.4337699991, "SES_PRV": 0, "SES_OLYMPIA": 3361728.4337699991, "SES_NTW": 0}, "CRQ-13754": {"SES_INTERSECT": 0, "SES_BISE": 0, "SES_TRAFFIC": 0, "SES_BPDS": 0, "SES_RLY": 0, "SES_UCI": 0, "SES_TSM": 0, "SES_BBID": 0, "SES_BBW": 0, "SES_GUARDIAN": 0, "subscriber-minutes": 701356.59215999965, "SES_SLS": 0, "SES_HOSTED": 0, "subscriber-minutes-with-ratio": 203393.41172639994, "SES_PRV": 0, "SES_OLYMPIA": 203393.41172639994, "SES_NTW": 0}, "INC-14986": {"SES_INTERSECT": 0, "SES_BISE": 0, "SES_TRAFFIC": 0, "SES_BPDS": 0, "SES_RLY": 0, "SES_UCI": 0, "SES_TSM": 0, "SES_BBID": 530138295.22499996, "SES_BBW": 0, "SES_GUARDIAN": 0, "subscriber-minutes": 841489357.5, "SES_SLS": 0, "SES_HOSTED": 0, "subscriber-minutes-with-ratio": 530138295.22499996, "SES_PRV": 0, "SES_OLYMPIA": 0, "SES_NTW": 0}, "CRQ-17064": {"SES_INTERSECT": 0, "SES_BISE": 0, "SES_TRAFFIC": 0, "SES_BPDS": 0, "SES_RLY": 0, "SES_UCI": 0, "SES_TSM": 0, "SES_BBID": 0, "SES_BBW": 0, "SES_GUARDIAN": 0, "subscriber-minutes": 2847994.955440002, "SES_SLS": 0, "SES_HOSTED": 0, "subscriber-minutes-with-ratio": 825918.53707760025, "SES_PRV": 0, "SES_OLYMPIA": 825918.53707760025, "SES_NTW": 0}, "CRQ-15824": {"SES_INTERSECT": 0, "SES_BISE": 0, "SES_TRAFFIC": 0, "SES_BPDS": 0, "SES_RLY": 0, "SES_UCI": 0, "SES_TSM": 0, "SES_BBID": 0, "SES_BBW": 0, "SES_GUARDIAN": 0, "subscriber-minutes": 137437398.0, "SES_SLS": 0, "SES_HOSTED": 0, "subscriber-minutes-with-ratio": 39856845.420000002, "SES_PRV": 0, "SES_OLYMPIA": 39856845.420000002, "SES_NTW": 0}, "INC-13261": {"SES_INTERSECT": 0, "SES_BISE": 0, "SES_TRAFFIC": 0, "SES_BPDS": 0, "SES_RLY": 0, "SES_UCI": 0, "SES_TSM": 0, "SES_BBID": 4646607.9000000022, "SES_BBW": 0, "SES_GUARDIAN": 0, "subscriber-minutes": 92932157.999999985, "SES_SLS": 0, "SES_HOSTED": 0, "subscriber-minutes-with-ratio": 4646607.9000000022, "SES_PRV": 0, "SES_OLYMPIA": 0, "SES_NTW": 0}, "CRQ-15647": {"SES_INTERSECT": 0, "SES_BISE": 0, "SES_TRAFFIC": 0, "SES_BPDS": 0, "SES_RLY": 0, "SES_UCI": 0, "SES_TSM": 0, "SES_BBID": 0, "SES_BBW": 0, "SES_GUARDIAN": 0, "subscriber-minutes": 62332545.0, "SES_SLS": 0, "SES_HOSTED": 12466509.000000006, "subscriber-minutes-with-ratio": 12466509.000000006, "SES_PRV": 0, "SES_OLYMPIA": 0, "SES_NTW": 0}, "CRQ-17049": {"SES_INTERSECT": 0, "SES_BISE": 0, "SES_TRAFFIC": 0, "SES_BPDS": 0, "SES_RLY": 0, "SES_UCI": 0, "SES_TSM": 0, "SES_BBID": 0, "SES_BBW": 0, "SES_GUARDIAN": 0, "subscriber-minutes": 547039.55879999988, "SES_SLS": 0, "SES_HOSTED": 0, "subscriber-minutes-with-ratio": 158641.472052, "SES_PRV": 0, "SES_OLYMPIA": 158641.472052, "SES_NTW": 0}, "CRQ-16506": {"SES_INTERSECT": 0, "SES_BISE": 0, "SES_TRAFFIC": 0, "SES_BPDS": 0, "SES_RLY": 0, "SES_UCI": 0, "SES_TSM": 0, "SES_BBID": 0, "SES_BBW": 0, "SES_GUARDIAN": 0, "subscriber-minutes": 668146.0, "SES_SLS": 0, "SES_HOSTED": 0, "subscriber-minutes-with-ratio": 193762.33999999997, "SES_PRV": 0, "SES_OLYMPIA": 193762.33999999997, "SES_NTW": 0}}, "pins": 5666595}}}}