{"Combined Total Global Minutes per Subscriber": {"Combined Services": {"2014:11": {"tickets": {"INC-12627": {"SES_BBM": 3829423.6257000021, "SES_BBID": 0, "SES_UCI": 0, "SES_BBM_CHANNELS": 0, "subscriber-minutes": 127647454.19000009, "subscriber-minutes-with-ratio": 3829423.6257000021, "SES_OLYMPIA": 0}, "CRQ-17049": {"SES_BBM": 0, "SES_BBID": 0, "SES_UCI": 0, "SES_BBM_CHANNELS": 0, "subscriber-minutes": 2588201.7083999994, "subscriber-minutes-with-ratio": 258820.17083999989, "SES_OLYMPIA": 258820.17083999989}, "CRQ-17091": {"SES_BBM": 0, "SES_BBID": 0, "SES_UCI": 0, "SES_BBM_CHANNELS": 0, "subscriber-minutes": 15753605.175000003, "subscriber-minutes-with-ratio": 1575360.5174999994, "SES_OLYMPIA": 1575360.5174999994}, "CRQ-17083": {"SES_BBM": 0, "SES_BBID": 0, "SES_UCI": 0, "SES_BBM_CHANNELS": 0, "subscriber-minutes": 15753605.175000003, "subscriber-minutes-with-ratio": 1575360.5174999994, "SES_OLYMPIA": 1575360.5174999994}, "INC-14986": {"SES_BBM": 0, "SES_BBID": 1494319586.7600007, "SES_UCI": 0, "SES_BBM_CHANNELS": 0, "subscriber-minutes": 7115807556.0, "subscriber-minutes-with-ratio": 1494319586.7600007, "SES_OLYMPIA": 0}, "CRQ-17064": {"SES_BBM": 0, "SES_BBID": 0, "SES_UCI": 0, "SES_BBM_CHANNELS": 0, "subscriber-minutes": 12859015.482320007, "subscriber-minutes-with-ratio": 1285901.5482319996, "SES_OLYMPIA": 1285901.5482319996}, "CRQ-13772": {"SES_BBM": 0, "SES_BBID": 0, "SES_UCI": 0, "SES_BBM_CHANNELS": 0, "subscriber-minutes": 6636640.0777600016, "subscriber-minutes-with-ratio": 663664.00777599984, "SES_OLYMPIA": 663664.00777599984}, "INC-13983": {"SES_BBM": 0, "SES_BBID": 0, "SES_UCI": 6708498731.4945612, "SES_BBM_CHANNELS": 0, "subscriber-minutes": 6776261344.9440041, "subscriber-minutes-with-ratio": 6708498731.4945612, "SES_OLYMPIA": 0}, "INC-13564": {"SES_BBM": 0, "SES_BBID": 0, "SES_UCI": 0, "SES_BBM_CHANNELS": 0, "subscriber-minutes": 1978243.344, "subscriber-minutes-with-ratio": 197824.33440000002, "SES_OLYMPIA": 197824.33440000002}, "INC-14993": {"SES_BBM": 0, "SES_BBID": 0, "SES_UCI": 0, "SES_BBM_CHANNELS": 0, "subscriber-minutes": 180382189.6800001, "subscriber-minutes-with-ratio": 18038218.967999998, "SES_OLYMPIA": 18038218.967999998}, "INC-14897": {"SES_BBM": 0, "SES_BBID": 0, "SES_UCI": 146523643.20000005, "SES_BBM_CHANNELS": 0, "subscriber-minutes": 148003679.99999997, "subscriber-minutes-with-ratio": 146523643.20000005, "SES_OLYMPIA": 0}, "INC-14132": {"SES_BBM": 0, "SES_BBID": 0, "SES_UCI": 50401241199.789398, "SES_BBM_CHANNELS": 0, "subscriber-minutes": 50910344646.252007, "subscriber-minutes-with-ratio": 50401241199.789398, "SES_OLYMPIA": 0}, "CRQ-15824": {"SES_BBM": 0, "SES_BBID": 0, "SES_UCI": 0, "SES_BBM_CHANNELS": 0, "subscriber-minutes": 650255914.0, "subscriber-minutes-with-ratio": 65025591.399999984, "SES_OLYMPIA": 65025591.399999984}, "INC-13261": {"SES_BBM": 432219421.9199999, "SES_BBID": 0, "SES_UCI": 0, "SES_BBM_CHANNELS": 0, "subscriber-minutes": 2589008139.940001, "subscriber-minutes-with-ratio": 488413118.27459985, "SES_OLYMPIA": 56193696.354599975}, "CRQ-13764": {"SES_BBM": 0, "SES_BBID": 0, "SES_UCI": 0, "SES_BBM_CHANNELS": 0, "subscriber-minutes": 3318320.0388800008, "subscriber-minutes-with-ratio": 331832.00388799992, "SES_OLYMPIA": 331832.00388799992}, "INC-13538": {"SES_BBM": 0, "SES_BBID": 0, "SES_UCI": 0, "SES_BBM_CHANNELS": 0, "subscriber-minutes": 54845880.858999975, "subscriber-minutes-with-ratio": 5484588.0859000012, "SES_OLYMPIA": 5484588.0859000012}, "CRQ-13754": {"SES_BBM": 0, "SES_BBID": 0, "SES_UCI": 0, "SES_BBM_CHANNELS": 0, "subscriber-minutes": 3318320.0388800008, "subscriber-minutes-with-ratio": 331832.00388799992, "SES_OLYMPIA": 331832.00388799992}, "INC-13495": {"SES_BBM": 0, "SES_BBID": 0, "SES_UCI": 0, "SES_BBM_CHANNELS": 0, "subscriber-minutes": 1780419.0095999991, "subscriber-minutes-with-ratio": 178041.90095999991, "SES_OLYMPIA": 178041.90095999991}, "CRQ-14628": {"SES_BBM": 0, "SES_BBID": 0, "SES_UCI": 0, "SES_BBM_CHANNELS": 0, "subscriber-minutes": 98325330.609149978, "subscriber-minutes-with-ratio": 9832533.0609150007, "SES_OLYMPIA": 9832533.0609150007}, "CRQ-16506": {"SES_BBM": 0, "SES_BBID": 0, "SES_UCI": 0, "SES_BBM_CHANNELS": 0, "subscriber-minutes": 1777730.0, "subscriber-minutes-with-ratio": 177773.00000000006, "SES_OLYMPIA": 177773.00000000006}, "CRQ-13780": {"SES_BBM": 0, "SES_BBID": 0, "SES_UCI": 0, "SES_BBM_CHANNELS": 0, "subscriber-minutes": 6636640.0777600016, "subscriber-minutes-with-ratio": 663664.00777599984, "SES_OLYMPIA": 663664.00777599984}}, "pins": 47917896}}}}